a1,a2,a3,a4,a5,a6,a7,a8,a9,a10,a11,a12,a13,a14,a15,a16,label
7.943,9.4127,1.1973,1.5145,3.2318,1.6657,0.4185,1.3435,1.6427,4.1978,0.7316,0.5261,9.239,8.5792,5.9247,6.4399,spoof
1.5029,1.5611,1.0707,1.1998,1.5284,1.2572,0.1855,0.5702,1.8121,2.2491,1.3371,0.1744,1.7502,1.5142,1.4132,1.4651,spoof
31.1509,35.1713,0.2882,0.9515,1.7496,2.0759,0.1483,0.272,4.6479,0.8093,0.4938,2.0262,41.1082,37.7888,7.956,8.6957,real
0.7328,0.7602,0.4334,0.6579,0.8828,1.1558,0.3109,0.6153,0.8813,2.0065,0.6628,0.6858,0.5525,0.7781,0.3923,0.4601,spoof
9.6655,10.7354,3.1291,3.3299,3.6848,7.2677,1.045,2.6361,5.7605,6.6868,7.4238,2.708,5.3022,4.8754,7.5646,8.2829,spoof
42.6256,57.3371,1.7412,7.7002,33.0897,1.6658,0.3501,1.7378,9.4316,1.8544,0.7285,3.8969,56.2736,58.807,6.763,7.2458,real
2.8714,2.6438,0.9924,1.4219,3.6986,1.3045,0.4577,1.0086,2.7974,3.3138,2.4934,2.8894,2.011,1.6807,1.301,1.1068,spoof
52.1055,52.0945,14.0537,14.145,10.9514,5.6358,0.6635,4.4693,9.3297,7.8195,5.3498,5.5389,17.4223,13.5857,5.1146,5.506,spoof
2.4273,2.4841,1.2357,1.1241,1.4258,0.414,0.08,0.5621,1.108,1.7779,0.2735,1.4238,0.9967,0.774,1.0664,1.0635,spoof
1.4683,1.6752,0.851,1.2333,2.9779,0.3376,0.0599,0.296,0.7249,0.8267,1.4433,1.9353,1.1792,1.1319,0.797,0.8421,real
13.5631,14.1415,0.8171,1.2251,3.7319,2.4513,0.2596,0.7664,1.5756,1.4365,0.6956,3.2988,12.7256,10.9284,5.7736,5.9384,real
24.3522,27.8166,1.533,2.5146,4.9993,3.3949,0.4856,1.0516,5.1796,3.3104,0.3875,1.989,27.989,25.82,5.5511,6.1555,real
0.282,0.3557,0.8157,0.9675,1.2235,0.8532,0.0767,0.3773,0.8652,1.3831,0.3304,0.0955,0.3016,0.2941,0.6958,0.7635,spoof
4.2183,3.7015,1.8806,2.316,1.7303,0.314,0.119,0.135,0.714,0.4243,0.6303,1.1304,2.7794,2.2865,1.2275,1.2022,spoof
25.7205,32.365,0.7602,2.8023,7.3568,2.4215,0.5526,0.5617,3.3663,0.6224,5.562,1.8143,33.7086,34.045,3.0354,3.376,real
11.6,12.0027,13.7667,17.709,20.6135,0.4625,0.1317,0.4935,1.5342,1.2657,1.0341,1.9628,5.6545,4.9318,2.4685,2.6326,spoof
83.356,92.8425,2.3732,4.3521,10.8563,3.8941,1.1151,1.5573,8.0506,1.82,1.2201,6.7415,81.4806,73.7033,14.7387,15.9329,real
24.4764,25.1258,1.0438,0.8429,3.2561,5.1098,0.5894,0.735,1.9591,1.417,0.8511,7.3918,24.5177,20.3225,12.496,13.6275,real
27.1943,33.6715,1.3698,3.4211,6.8884,1.5586,0.2376,0.7244,4.04,0.4097,0.3999,3.8074,34.3139,34.1436,4.2056,4.7194,real
64.3803,71.4848,3.7696,8.696,17.1843,3.2908,0.6448,1.0147,4.5673,1.5294,1.9645,8.048,52.8745,46.0884,11.7686,11.8528,real
41.4749,49.4777,1.7397,4.5073,11.5522,5.4514,0.8188,4.8594,13.3486,14.435,0.7221,4.9313,58.1937,57.3035,7.599,8.6041,real
7.9227,7.5352,2.5548,2.6848,2.9107,1.2401,0.4132,0.8716,2.5798,2.2749,1.3624,0.6911,5.5664,4.048,6.172,6.1029,spoof
12.5901,13.7711,1.0483,1.7036,2.6455,0.5833,0.1457,0.1873,1.1763,0.8228,0.9365,0.7199,9.5784,8.8243,1.1152,1.0866,spoof
0.7133,0.8566,1.4171,1.7592,2.6099,0.4959,0.1068,0.1753,0.4095,0.615,0.4095,0.8551,0.5998,0.687,0.6696,0.6691,spoof
27.0113,34.2536,1.4226,6.2556,22.0658,0.9089,0.0733,0.6992,0.5519,4.2941,0.6683,2.1738,42.9225,43.7371,2.8456,3.0251,real
128.5258,143.0412,2.247,8.3055,27.1133,5.1212,1.6669,2.4606,14.0054,3.4445,4.817,15.9274,119.1269,98.8222,24.2286,24.33,real
1.1195,1.2682,0.3884,0.8712,2.6377,1.0134,0.1364,1.3868,2.3166,4.3451,0.4455,0.1695,1.3958,1.1592,0.4054,0.4666,spoof
0.6393,0.838,0.7137,0.7407,0.9673,0.3667,0.1376,0.3359,0.5862,0.5635,0.9998,0.3947,0.894,0.9965,1.1362,1.3407,spoof
12.5816,14.9255,0.4253,0.8297,1.899,0.4076,0.2042,0.4261,0.9964,0.4281,1.0097,1.6662,12.5119,11.8768,2.3304,2.7132,real
20.7745,24.9948,0.9723,2.0586,7.2671,0.8448,0.1659,0.4769,2.2438,0.7069,0.7301,1.9001,29.2737,28.9767,3.2489,3.7221,real
11.8476,15.238,0.9896,2.0048,4.1843,0.618,0.3785,0.5847,1.5152,0.978,2.6702,1.0887,12.5975,13.0695,1.9061,2.4319,real
3.526,4.503,0.9364,1.094,0.9118,0.5588,0.0415,0.4351,0.7989,1.4475,1.7499,0.5604,5.018,5.1761,1.5264,1.8029,spoof
4.9194,6.1688,2.5659,4.0562,8.3164,0.5581,0.1511,1.6026,2.6046,1.4189,0.5173,0.5991,3.5614,3.1599,2.6988,2.6852,spoof
21.8963,26.2488,1.4377,2.3621,6.153,0.4014,0.4339,0.7051,1.1276,1.7191,3.719,2.2775,20.1734,19.1025,3.0081,3.555,real
21.1563,24.3408,0.4971,1.7931,7.933,1.7214,0.2198,0.4095,1.7452,0.7492,1.2446,4.1761,24.4997,23.2615,5.6539,6.2419,real
29.4584,32.0052,0.358,0.8599,3.7797,1.681,0.3236,0.3319,2.5195,0.7153,1.0905,3.7232,28.2425,25.2214,11.2294,12.2537,real
53.2204,68.4003,3.419,5.2816,14.1592,1.5632,0.2606,0.9034,9.8422,1.9799,0.2926,4.066,97.1173,96.5338,7.1494,8.4814,real
59.198,66.3869,1.5534,5.2092,11.5794,3.0207,0.3588,0.2281,2.3357,0.4515,0.6148,5.3625,49.3736,42.7321,10.3643,11.0581,real
0.5528,0.6952,0.4259,0.597,1.7819,0.8901,0.1035,0.2423,0.5096,0.7378,0.8593,0.2141,0.6663,0.6606,0.464,0.5548,spoof
4.3831,5.1242,3.4146,3.6162,6.4816,0.3721,0.1211,0.2219,0.4838,0.3873,0.6602,0.7105,4.3818,4.1259,4.6936,5.6021,spoof
9.423,9.9455,3.4263,4.4102,6.3341,1.1362,0.2215,1.057,3.836,2.1742,1.2112,0.9096,8.4659,7.9146,1.085,1.2213,real
31.5287,40.737,3.8425,10.3357,29.0181,0.5059,0.2371,0.3066,4.171,0.6957,1.1778,2.635,43.9976,46.9306,5.383,6.3178,real
16.4385,19.6747,0.7256,1.7748,2.8949,3.9882,0.669,0.9842,5.6338,1.2217,2.076,2.8048,19.4646,18.3294,2.5044,2.7804,real
1.0059,1.179,0.3922,0.3651,0.8091,0.6551,0.0709,0.4096,0.6633,1.6653,0.8457,0.3785,1.0151,0.9766,0.758,0.8024,spoof
28.7204,28.2753,0.6108,1.1523,2.2118,4.0154,0.615,0.7326,2.4159,1.8797,5.3943,9.9826,32.738,25.6869,9.4318,9.1693,real
37.1753,38.065,0.5429,1.1479,1.9998,0.696,0.2402,0.3293,1.4279,1.0164,1.9539,5.7204,37.0802,30.876,13.1595,13.1009,real
50.3042,63.4785,2.697,7.926,15.2818,2.1499,0.8494,1.8795,9.8379,2.6173,1.1305,2.8675,49.739,49.2089,9.0844,10.4641,real
36.873,48.6065,0.9733,2.8609,8.8068,0.6587,0.19,0.9678,1.8708,4.5449,2.3524,1.1697,51.1999,57.3126,8.1448,9.1233,real
1.021,1.1301,0.7081,1.142,2.0941,0.8231,0.1102,0.3112,0.5142,1.1216,0.3292,0.1651,0.8411,0.8906,1.0144,0.9527,spoof
55.969,72.4097,1.8899,7.9535,19.1718,4.0011,1.1871,1.3886,12.4556,1.2627,1.7299,3.8894,61.4527,62.3475,13.8574,15.5968,real
8.2361,10.179,1.3759,2.4832,4.6103,0.1412,0.0497,0.0849,0.9115,0.1391,0.615,0.1031,7.95,7.3601,1.3592,1.3611,spoof
3.0585,2.5722,1.4112,1.6727,2.1558,0.2394,0.124,0.5292,0.9223,1.4388,1.7465,0.714,2.278,1.1932,2.5331,2.4863,spoof
10.0868,11.2507,0.8714,1.3003,1.9275,0.4439,0.1662,0.4073,1.3173,1.0112,0.4775,1.9763,10.366,9.1729,4.0926,4.1974,real
35.9655,45.1384,1.6258,5.365,13.3084,1.7083,0.5259,1.1499,2.2116,6.4329,1.7555,4.6401,43.6246,41.6783,3.9672,4.0273,real
35.9029,40.1175,12.8566,15.6214,12.8154,1.4806,0.4786,0.6971,0.8867,1.595,9.2366,5.6949,28.7017,24.4673,19.4708,21.6564,spoof
4.2889,4.6222,5.1185,8.6127,16.7186,0.7453,0.1132,0.4862,0.9358,1.4067,0.6013,0.863,3.7116,3.7099,0.9332,1.1607,spoof
2.4672,3.796,0.2245,0.8723,3.0808,0.2463,0.0713,0.07,0.3978,0.3716,1.3722,0.6637,3.9464,4.8468,0.5834,0.8399,real
68.1333,73.2148,2.1456,1.9762,3.6503,2.9513,1.0157,3.4061,8.4935,10.9497,1.2708,4.7787,55.0219,46.9723,12.9964,12.8891,real
17.0123,19.9753,1.082,1.8351,2.3651,1.0443,0.4619,0.9096,4.4742,1.5277,1.2841,2.0856,18.9813,16.8614,4.4194,4.7299,real
27.8177,23.8547,23.3188,30.2846,42.5999,1.4745,0.2078,0.6868,2.0658,2.0498,2.1517,3.7258,9.8127,7.294,7.8722,8.3158,spoof
33.8406,36.0921,1.3927,1.1763,1.2907,2.6976,0.9515,1.4701,3.6767,3.2979,2.9535,5.8604,32.208,27.3835,11.7793,12.7177,real
2.8746,3.9493,0.8654,1.1296,2.035,0.3443,0.0529,0.173,0.191,0.458,0.668,0.2954,3.2508,3.4126,2.236,2.6515,spoof
15.7131,17.8336,1.4961,2.4655,4.9273,3.4669,0.3129,2.3672,3.5816,6.5466,0.7983,2.1441,14.0321,12.3027,3.882,4.2494,real
21.0888,23.1974,1.8349,3.0075,4.3715,1.1988,0.2943,1.9905,3.5056,5.6767,1.9045,1.6333,19.0374,16.7212,3.2572,3.2283,real
2.8077,3.9285,1.7937,2.7009,4.1236,0.5841,0.1811,0.9471,1.2879,2.9835,0.2147,0.2069,3.2571,3.4853,0.9986,1.0866,real
8.5279,9.0946,0.5809,0.7102,1.1113,0.7504,0.0685,0.2573,1.1253,1.0474,2.1194,3.6651,12.7009,11.5876,4.0034,4.1342,real
12.2604,17.9654,1.4525,3.628,5.8329,0.9239,0.0503,0.6539,0.5855,2.9576,0.4821,0.8965,22.0358,25.3885,2.5886,3.2164,real
16.529,19.0436,1.6472,1.8488,3.6529,2.3721,0.5223,1.1703,3.4979,2.1935,3.251,2.6955,16.0783,15.0249,4.962,5.7551,real
0.6835,0.7298,0.3992,0.6138,2.1622,0.6515,0.1128,0.1669,0.6093,0.3327,0.6346,0.3763,1.0962,0.927,0.6802,0.704,spoof
2.15,2.3515,0.9375,0.8852,2.0764,0.5661,0.0725,0.444,1.4075,2.6626,0.6501,0.7907,2.3393,2.2649,1.5465,1.6238,spoof
84.333,97.1733,2.6984,7.2392,20.8178,0.697,1.3256,0.8699,4.4833,2.3153,15.3906,9.9545,87.7204,78.2614,10.9456,10.4287,real
28.1902,37.967,1.7752,5.6051,14.3132,0.5576,0.4551,0.3828,1.7334,0.8036,0.7931,2.9973,31.9835,32.2263,5.7897,6.3501,real
34.1424,39.8235,1.6509,2.0733,5.0267,0.5017,0.2849,0.5807,0.4885,4.2086,1.8198,1.8908,32.8926,29.9836,7.5433,9.019,real
0.7112,0.8271,0.7553,0.8232,1.1719,0.4104,0.0348,0.0694,0.197,0.2241,0.3141,0.8508,0.5976,0.5441,0.9977,1.0541,spoof
3.0891,4.041,0.6853,0.9367,1.6162,2.3186,0.0944,0.3819,1.0615,1.0687,1.3576,1.3626,2.5844,3.0512,3.1037,3.3598,spoof
3.4924,4.3246,1.6107,2.3921,3.9701,0.1515,0.0709,0.0866,0.3823,0.1687,0.1962,0.232,3.318,2.9523,0.6127,0.6478,real
8.9262,10.9795,0.8027,0.8712,4.6322,1.8289,0.7453,0.5239,2.7091,0.9879,1.9911,3.387,6.5905,6.2099,2.2082,2.402,spoof
12.9551,13.1719,5.6462,6.3422,11.1501,0.797,0.1387,1.5874,1.8825,3.431,2.1554,0.9731,12.6567,11.581,5.0939,5.4114,real
31.2899,36.2236,3.0092,6.4906,10.821,2.4593,0.7063,1.2019,5.2304,1.8972,3.098,9.4294,29.3484,25.98,3.9755,4.1347,real
3.5582,4.3466,1.2314,1.3263,2.335,0.6971,0.1629,0.7521,1.2134,2.2043,1.1551,0.5578,2.7373,2.9469,2.5256,2.8243,spoof
10.9572,13.8484,3.8367,8.4244,30.415,4.3274,0.2751,2.2746,1.9951,7.565,1.6936,1.1426,12.6349,12.5743,1.297,1.5651,real
15.7719,24.7206,1.4001,6.0078,12.937,0.9676,0.0871,0.9619,0.3409,5.9425,0.9091,0.2401,24.9913,31.8967,2.2347,3.4746,real
35.9605,45.6812,1.9032,4.4267,5.6723,1.6213,0.7613,0.6196,3.9233,1.2533,1.9687,1.9361,35.2822,33.0103,3.9988,3.7314,spoof
6.4635,8.3065,1.0725,1.8889,4.7871,0.6801,0.224,0.2265,0.7871,0.5948,1.9663,2.7958,9.5611,9.4543,1.9259,2.396,real
2.2622,2.3179,0.6477,0.6179,1.7627,0.7538,0.2245,0.8533,1.7925,1.6717,0.3388,0.3225,2.2176,1.7777,1.8998,2.1556,spoof
65.9169,71.4489,1.8646,4.8594,12.1719,1.707,0.3597,1.0315,6.4859,0.8379,0.7759,6.8999,59.9429,52.6546,15.3063,14.8781,real
3.4856,4.1456,0.8414,0.8776,2.0294,1.1586,0.1595,0.5429,1.6785,2.3141,1.1428,0.7889,4.9817,5.0619,3.947,4.4507,spoof
4.295,3.6056,6.3032,6.5462,6.4885,3.3182,0.3191,1.1952,2.1634,2.1504,1.153,2.1479,2.6528,1.8794,3.9218,3.886,spoof
20.9008,24.9206,1.2408,3.325,6.804,1.111,0.2074,0.3861,2.4086,0.3612,0.3849,1.5255,22.9325,20.7553,3.5217,3.3561,real
2.2102,2.2226,2.1509,2.2283,2.1305,1.5796,0.1102,0.6923,1.0631,2.3172,1.0334,1.4575,1.424,1.0937,2.6899,2.8923,spoof
34.8673,41.9474,3.0171,7.0188,15.4299,0.5072,0.2486,0.2406,2.2751,1.0676,2.1687,0.7132,27.7095,24.4067,5.9409,5.9396,spoof
31.4271,38.4009,1.694,5.2569,12.0491,4.7501,0.8396,1.0266,7.852,1.4094,2.6287,2.2715,32.7169,31.8963,1.8445,2.0325,real
12.2122,15.553,0.8383,2.1272,2.9734,0.5841,0.4472,0.7442,1.2283,2.7883,2.8778,1.8487,13.2653,13.8649,2.105,2.5476,real
1.5289,2.2059,0.6116,0.7063,1.2714,1.0949,0.1073,0.4811,0.8177,2.8331,1.3996,0.4942,1.8511,2.2689,1.0562,1.3542,spoof
15.0061,18.8232,1.82,4.1758,7.9942,0.7856,0.0824,0.2212,0.4608,1.2123,1.5341,0.1347,8.8623,8.4218,1.128,1.036,spoof
1.7967,1.4228,1.3293,1.2739,1.4331,0.4913,0.2321,0.3039,0.5541,1.1818,4.4439,2.1275,0.94,0.6438,1.3326,1.1046,spoof
27.2917,36.432,1.7862,4.4646,10.0867,1.591,0.2282,0.4731,2.4049,1.6796,1.0069,2.747,34.4387,34.9296,7.4205,8.2004,real
21.635,29.0136,6.5683,10.691,21.3561,0.8889,0.1227,0.5308,0.5036,2.0873,0.6758,0.344,12.8075,11.5648,1.8573,2.0965,spoof
1.9816,2.1382,0.2408,0.5902,2.5422,0.5503,0.3912,1.2973,0.9473,0.888,0.3284,0.5384,8.0246,8.6223,1.9803,1.87,real
5.6894,5.9265,0.943,1.6131,4.1977,0.6555,0.1347,0.4392,0.6978,1.2866,0.9379,2.6266,3.161,2.7399,0.9762,1.005,real
1.7071,2.0223,1.6397,1.9112,3.3644,1.5326,0.1939,0.982,2.1254,3.2474,1.1027,0.298,2.3224,2.1823,1.1342,1.2832,spoof
20.3124,23.5082,0.6854,1.9542,3.9102,0.3004,0.1755,0.1838,1.1462,0.325,1.0672,3.939,21.4168,19.0935,3.6143,3.8325,real
7.908,8.547,0.6985,1.4698,5.6211,1.0068,0.2214,0.2301,1.5096,0.264,1.7945,2.1421,7.779,5.8913,0.6424,0.6628,spoof
23.2199,23.365,0.9845,0.8781,1.363,3.4877,0.3107,0.5556,2.8704,2.1204,1.7047,5.3505,26.6259,22.8067,7.7157,7.7028,real
0.9554,1.0943,0.6783,0.9141,2.2473,0.943,0.1352,0.996,2.0479,5.2194,0.4516,0.4734,1.0213,1.0435,0.6247,0.7398,spoof
5.3247,7.953,0.8823,1.206,1.6764,3.3689,0.4839,0.5791,3.7685,1.8277,0.7503,0.9858,4.1772,5.287,5.2059,6.7597,spoof
1.2647,1.4693,0.6909,0.9016,1.0689,0.4578,0.0844,0.2485,0.2438,0.5035,0.862,0.3121,1.1104,1.0733,0.584,0.6563,spoof
2.6138,3.3389,2.2362,2.3038,4.2654,2.8205,0.3118,1.3573,1.7698,4.8168,2.0091,1.5915,2.8393,3.2317,1.4342,1.6054,spoof
57.8396,63.5516,3.9443,5.9282,9.9356,0.857,0.3069,0.5147,1.5179,2.6558,1.8145,2.4939,55.2366,47.5036,8.9947,8.222,real
2.4658,3.4278,1.7637,2.0142,2.2219,0.6675,0.0606,0.3186,0.8284,1.44,0.896,1.1765,2.9152,3.2797,1.2057,1.5505,spoof
2.2995,2.7531,2.8932,2.6751,3.8105,1.4622,0.3343,0.8927,2.6553,2.6775,4.5685,1.1569,3.4708,3.3739,1.7325,2.0449,spoof
20.4407,29.9192,4.4115,8.1915,12.7691,1.2764,0.1803,2.8959,3.1445,12.9928,4.1571,0.5311,29.8728,36.1903,4.4192,5.9665,real
43.3287,52.1128,0.9579,1.0169,4.3826,0.2239,0.5478,0.1091,1.2112,0.2632,0.5452,2.3025,16.8247,14.4277,1.051,0.9638,spoof
17.4141,18.9913,0.568,1.7216,10.1285,5.992,0.4388,1.3335,2.9843,3.9239,0.4223,5.3546,16.61,14.3108,4.3547,4.3547,real
0.9959,0.8943,2.1304,2.4784,3.4421,2.1016,0.3104,1.4572,3.5689,5.7406,1.2883,0.9051,1.3873,1.1101,2.1897,2.1599,spoof
18.3982,22.774,1.2435,4.1994,20.8327,0.8265,0.1556,0.7959,2.032,5.9144,0.6395,0.7736,23.345,22.0033,2.5237,2.6057,real
41.2564,58.4743,6.0808,16.7756,54.0147,3.3637,0.3537,0.2394,2.5146,5.3146,1.0209,1.7892,59.4733,63.1164,7.5008,9.4401,real
15.2933,19.9986,1.3653,2.835,2.0138,0.5542,0.1613,0.9906,0.3843,3.8674,2.093,0.4105,22.7135,24.8389,3.5317,4.0804,real
38.9318,41.1113,1.7972,3.5214,8.9423,2.2829,0.3487,2.218,6.0615,5.8402,1.9461,3.601,40.4259,34.6932,11.8896,12.3354,real
4.365,4.4978,5.8771,8.76,12.6335,4.087,0.8393,2.4126,4.0083,6.2314,2.4594,1.993,4.3459,4.5216,2.7905,3.0875,spoof
2.1568,2.7061,0.9751,0.5401,0.3899,1.0637,0.0451,1.0051,1.7835,3.7139,0.2241,0.1487,2.5581,2.3382,1.9132,2.1751,spoof
1.8365,2.0181,0.5095,0.6965,1.4265,0.8245,0.1032,0.6996,1.2644,1.7786,1.4093,0.712,2.0307,1.7128,1.047,0.9583,spoof
13.4234,15.0094,0.9897,1.7011,3.0998,3.4697,0.4591,0.3616,3.1748,0.6078,0.9412,2.0518,14.3354,12.8731,2.1528,2.1527,real
6.3204,6.2085,1.5367,1.8675,2.7732,3.6572,0.3492,2.5872,7.5522,4.7906,1.9773,1.2254,4.6113,3.4748,5.9752,5.9179,spoof
30.5069,43.4865,3.8724,12.2989,29.961,0.9639,0.1204,0.3626,1.8897,2.3908,2.1947,1.4619,54.7064,60.3424,5.702,6.541,real
1.6327,1.568,1.6503,1.907,2.3462,3.6686,0.5394,1.7321,2.5372,4.5201,2.8061,1.9851,1.0266,1.0177,1.0728,1.0858,spoof
26.3311,33.8432,2.202,5.2085,6.118,1.5687,0.6076,0.2144,1.4301,0.7449,0.9566,2.9414,18.1154,17.9526,5.116,5.9397,real
37.6952,38.6632,1.3109,1.8534,6.8122,4.3029,1.0888,1.0685,3.5382,2.5743,2.0575,10.8191,29.0722,24.0948,12.0256,12.0488,real
3.2259,3.6355,0.3024,0.3676,0.9906,0.2926,0.1322,0.3351,0.6228,0.8474,0.385,0.6861,1.6781,1.6272,2.6322,2.8473,spoof
43.9313,56.1187,0.968,4.6875,21.9347,3.7946,0.7268,1.3127,9.0328,1.0047,0.8787,3.5238,56.4717,55.4038,5.7257,6.0782,real
2.6533,3.7059,4.4228,6.9353,11.9331,0.5736,0.2419,0.7152,2.5741,0.8001,0.2908,0.1978,2.4261,1.7866,1.4784,1.3891,spoof
1.4246,1.9261,0.7876,1.1028,1.4329,0.6837,0.2807,0.3916,1.0138,1.1324,1.3896,0.3742,1.5613,1.6548,1.1479,1.2312,spoof
32.449,35.6624,0.5338,1.3817,2.0398,1.3466,0.4682,0.3713,2.1887,0.8521,1.6303,5.6135,29.3893,25.794,9.5843,10.071,real
188.8914,209.8411,2.0566,7.857,18.951,12.2482,3.1182,3.8703,17.026,7.1796,3.264,1.3224,150.4971,122.7397,33.029,35.2061,real
3.4989,4.3681,0.3033,0.4383,1.3812,2.9415,0.2275,1.6174,2.486,2.8768,0.7998,1.8995,4.6023,4.6333,1.0412,1.3042,real
33.0169,34.7469,0.5816,1.1524,2.8985,7.4078,0.8501,1.5638,5.1843,2.402,1.8745,6.4482,35.1706,29.3808,9.0142,9.1521,real
65.1054,68.8538,1.2546,1.5692,2.4199,4.2311,0.7842,1.2186,6.8682,2.3705,1.5974,10.2076,71.859,62.2593,18.6607,19.3199,real
1.2797,1.1314,0.4228,0.6981,2.5417,1.7684,0.2211,0.6967,1.1825,1.8395,1.0243,0.665,1.1429,0.7186,1.4705,1.3022,spoof
20.7241,26.6296,0.9109,2.7369,6.2654,0.6911,0.0838,1.2058,1.6919,6.6881,1.1222,1.273,25.2401,26.306,2.6721,3.0524,real
13.8657,14.8896,0.6451,1.1388,3.8939,3.0076,0.3019,1.5688,4.7559,3.1256,1.8324,6.5271,19.2194,17.0344,3.6748,3.9144,real
56.0384,56.7604,0.7741,0.692,1.4632,1.2802,0.1607,0.7058,0.6265,1.9261,0.3326,10.3291,59.0944,49.2867,19.1498,20.2712,real
48.5004,61.6859,1.1603,6.055,16.9677,0.5265,0.1503,1.9757,0.9317,9.47,0.4281,1.0696,75.3286,79.8483,7.3905,8.5446,real
40.6075,44.5815,1.0529,2.9229,5.9465,2.4016,0.381,0.1826,1.3865,0.5125,0.8536,3.7418,33.3196,28.8427,9.0533,9.2449,real
6.3843,6.6941,1.0735,1.2202,3.9073,3.114,0.5831,3.0865,7.9833,11.8134,2.5116,3.2641,4.0288,2.9323,3.8075,3.9895,spoof
25.3726,25.3135,12.9142,17.4746,33.8502,6.855,1.0065,3.4419,9.1289,17.8899,4.6016,9.6546,20.1458,15.8702,14.7269,15.2202,spoof
58.6389,62.0435,2.1886,2.7601,4.6223,6.6189,1.0934,2.3002,6.7854,3.7958,1.6712,10.2326,52.691,35.4217,19.676,20.1038,real
14.8376,21.72,0.7864,3.0249,5.5953,0.6871,0.2507,0.1334,1.4002,0.9507,1.5034,0.1374,25.6524,28.8334,3.352,4.3949,real
4.7591,6.1165,0.8203,0.4832,1.1639,1.5716,0.1462,0.3936,1.2237,1.5643,1.7013,0.8622,4.2294,4.3838,6.0029,6.9976,spoof
33.2326,35.1863,0.6726,0.7373,2.9523,0.891,0.2656,0.3663,1.6129,0.741,0.8763,3.7561,30.9049,27.1711,7.9281,8.2082,real
17.6146,23.339,2.2257,3.5643,7.0914,6.6788,0.5664,2.5604,4.003,7.687,1.5085,0.3378,18.5823,21.3763,2.9488,3.3117,real
2.3189,2.2075,8.4481,13.5719,7.8067,6.3906,0.9239,6.7018,9.413,23.5872,8.6481,6.869,4.1961,6.9755,1.3438,1.4562,spoof
0.9709,1.2182,0.6697,0.9454,1.9903,0.4391,0.0612,0.2516,0.7698,0.7,0.3421,0.8586,0.9564,1.0165,2.5894,2.8501,spoof
52.4253,70.2812,2.6922,10.7895,29.0178,1.9563,0.385,0.7179,2.4825,6.4049,0.4487,2.0677,66.2979,68.6903,6.4874,7.3765,real
16.0238,19.5305,0.3498,0.7608,1.2214,0.4679,0.3654,0.0991,0.8544,0.5746,0.3932,3.556,22.9172,22.0497,7.0313,8.4289,real
23.6981,35.5923,3.0162,10.0995,27.7126,1.7084,0.2764,1.06,1.5002,5.7651,2.4448,1.6243,44.1153,49.4422,3.8711,4.7381,real
64.3643,81.2083,1.7622,7.1218,24.7774,0.4327,0.515,0.5635,2.6398,4.9459,1.2514,1.9485,82.0275,82.0399,14.2931,15.7447,real
59.3745,60.9953,0.5035,2.4144,8.8615,3.4394,0.5422,0.7853,5.0376,1.2989,0.7021,3.5161,56.0532,47.0457,15.8297,15.0043,real
0.7894,0.8748,0.611,0.748,1.8304,0.5813,0.1831,0.5989,1.0887,1.5791,0.5762,0.3339,0.6704,0.5919,1.6984,1.9206,spoof
7.9132,10.8366,0.6194,1.2837,2.78,0.5248,0.7971,0.1967,0.3371,0.6459,0.1703,1.0717,2.5746,2.5146,0.561,0.791,real
34.6738,46.8312,2.8161,9.002,28.7957,4.4094,0.6503,1.4803,5.6335,3.6237,1.0695,1.5552,47.1792,47.9569,6.5479,7.8679,real
49.2144,60.0631,2.3809,6.2093,13.625,1.7376,0.2456,1.796,3.505,6.1068,2.2221,5.1175,52.2376,48.978,8.5669,9.1106,real
0.6734,0.6355,0.7089,0.7971,1.1213,0.6297,0.105,0.3011,0.5157,0.6296,0.7533,0.2811,0.6825,0.5865,0.6574,0.6272,spoof
34.381,47.6605,2.9099,7.3906,13.4632,8.6894,1.0594,2.596,9.9155,6.0655,5.4069,2.4941,44.7918,48.4075,5.8788,6.1405,real
103.4548,113.3761,2.6857,7.715,14.3017,3.5986,0.6511,0.8057,7.7178,0.9424,0.3438,9.1944,109.951,96.9387,30.0118,31.0406,real
2.9509,3.0316,1.5723,2.3301,4.5972,1.3582,0.4243,1.0061,1.9032,2.9852,1.202,0.7445,1.9594,1.5774,2.8774,3.0823,spoof
1.7103,1.809,1.6748,2.508,4.5413,1.0034,0.2643,0.5202,1.5483,2.8233,1.2744,1.0959,1.2661,1.25,1.3536,1.4665,spoof
18.2217,16.6286,1.8891,2.499,4.4836,2.4333,0.2993,1.7772,2.7548,2.87,0.4716,1.1021,10.724,6.8698,4.7989,5.1149,real
0.8453,1.0135,1.168,1.4093,1.7067,0.274,0.0618,0.534,0.9485,0.6136,0.2996,0.259,1.0528,1.1033,1.5219,1.6748,spoof
1.2781,1.5033,2.3718,2.3778,2.7026,0.6392,0.2926,0.2582,0.9049,1.0064,2.8391,2.0655,1.3797,1.4943,1.6192,1.6759,spoof
20.5154,23.7319,0.9945,1.2756,2.8341,1.2786,0.2981,0.5128,2.7285,0.9954,1.124,3.1986,22.0969,19.9973,7.1113,7.7089,real
39.3098,53.4414,1.0001,5.5262,18.0327,2.1324,0.1786,1.8988,3.3981,8.7338,1.0366,0.7542,54.8268,61.4188,9.8654,11.5662,real
54.3063,65.5494,6.9597,14.0902,19.663,1.1885,0.1986,5.2004,5.5532,19.8438,2.6348,2.5413,63.8187,63.9985,11.3445,11.3858,real
18.0927,18.8572,1.7862,1.8522,2.0615,0.7227,0.0793,0.4069,1.341,1.1716,0.785,0.2325,5.9333,5.0333,2.3197,2.4519,spoof
23.8551,34.5008,2.1441,6.9532,13.3918,10.7967,2.4173,1.3275,4.6692,0.8792,7.8372,0.925,15.6038,17.2447,5.7424,7.1599,real
0.8636,0.8083,0.4825,0.6099,0.6994,0.459,0.1293,0.1469,0.5224,0.6795,2.7521,1.044,0.5661,0.4961,0.5919,0.5662,spoof
6.0865,8.648,0.9954,2.6252,8.6543,0.3014,0.0966,0.2783,1.5065,0.6366,0.2734,0.9177,11.7041,12.0593,0.9368,0.9936,real
8.7223,11.0453,1.682,3.401,7.7523,2.2371,0.7718,1.0914,3.7753,3.9391,4.203,2.1596,12.9907,13.2364,1.8118,1.7138,real
43.0781,64.5501,5.5632,17.6024,38.1063,0.9312,0.2184,2.133,1.0551,13.009,4.2049,0.7212,58.2758,70.427,5.94,7.7811,real
1.1014,1.4682,0.7665,0.9205,1.6894,0.6576,0.2152,0.6385,1.4931,0.9454,0.7735,0.2383,1.3062,1.4191,0.8877,1.1472,spoof
84.5507,108.5411,4.4044,14.4791,28.0363,3.0996,0.4359,0.7847,8.2237,3.6159,2.0218,5.9485,120.15,125.1246,16.1761,18.4884,real
27.6356,25.4546,10.0542,11.4395,8.0691,0.5823,0.2264,0.414,1.6272,0.311,0.9941,2.4293,6.4647,5.2001,2.4027,2.891,spoof
64.3952,69.9909,0.4153,0.7048,1.1437,1.367,0.3108,0.3295,5.2109,1.3615,1.8479,2.4972,68.9756,60.8739,21.483,22.2851,real
3.3584,2.8783,1.3003,1.328,1.2823,1.4583,0.2274,0.6133,1.1133,1.7881,3.0902,2.4352,1.6584,0.8864,2.8625,2.5944,spoof
32.7961,27.2165,4.1029,4.9256,9.4321,14.2403,2.3521,6.3737,6.2534,21.0227,2.6094,6.0298,16.3012,4.9268,10.4698,10.1673,real
26.1085,28.1082,1.9313,2.6044,4.8199,4.3566,0.2532,1.1837,3.2714,2.6601,1.1632,3.2962,20.181,17.6582,8.8978,9.0961,real
6.1072,8.2498,0.5248,1.8877,6.2379,0.4513,0.0467,0.1572,0.7328,0.5664,0.302,0.8587,8.9054,9.638,1.9888,2.1292,real
60.045,79.884,1.2633,8.5401,30.7846,1.1044,0.2045,0.28,3.4786,2.7502,3.4655,0.4834,73.2715,78.7595,5.3809,6.4954,real
3.193,2.8007,1.9528,2.3308,2.7586,1.1527,0.2656,1.1451,2.2086,3.6835,1.4005,1.4609,1.7642,1.6721,1.8271,1.8137,spoof
12.8045,14.6636,2.5548,3.1246,4.2404,0.559,0.1543,0.5178,0.8826,1.1606,1.0132,1.9468,15.0034,13.982,4.4361,5.0622,real
9.7367,11.2961,0.7975,1.5693,3.2194,0.3325,0.0598,0.1497,0.902,0.2566,0.5465,2.1128,10.076,9.2147,2.2495,2.5151,real
20.5053,29.4474,5.3491,10.2389,16.3873,1.211,0.4329,1.057,3.5724,6.044,0.898,1.1677,31.9884,36.1698,2.6416,3.4654,real
31.2742,41.6204,1.8624,6.6458,16.4993,0.837,0.4196,0.8438,1.4717,4.0387,1.8816,5.4927,41.8288,46.4637,6.5832,7.722,real
15.9473,17.8215,6.3787,8.2498,10.0768,2.4284,0.5764,1.9182,6.3419,4.31,0.9105,1.4431,5.4588,5.0409,1.7746,1.9,spoof
39.906,49.7191,1.0387,2.9553,6.7478,0.5195,0.2837,0.5145,1.2546,3.5072,0.6395,3.5817,51.9298,47.8514,6.7256,7.1835,real
3.5909,4.4053,1.4723,1.7342,1.3879,1.2668,0.2247,0.4826,1.4507,1.4763,1.1075,0.9776,3.299,3.2757,2.7855,3.134,spoof
2.5091,3.691,0.2843,1.1636,3.6826,0.2302,0.0321,0.6128,0.4323,1.7714,0.2044,0.2693,3.3405,4.15,0.4344,0.4516,real
0.5986,0.8972,0.4333,0.7717,1.8646,0.1076,0.0222,0.1197,0.2747,0.1172,0.2701,0.0636,0.5037,0.5215,0.2759,0.315,real
30.5645,38.6415,2.4211,2.4629,13.4026,6.2972,1.1495,4.157,12.0486,7.6929,4.7919,5.0031,26.538,27.9552,3.8347,4.0012,real
5.4654,8.0242,3.6627,6.3343,10.3244,1.3182,0.2528,0.6586,1.2994,2.8202,1.0377,2.2279,5.2817,5.4407,0.7497,0.7497,spoof
3.3845,4.0767,1.2801,2.0883,4.7428,0.6422,0.0672,0.4417,0.7026,0.9867,0.7711,0.7043,3.2774,3.5362,1.3698,1.5845,spoof
16.8459,20.7943,4.0129,4.8714,9.3414,1.2812,0.4539,1.9064,4.3696,3.2726,0.8673,3.1688,9.743,9.2118,2.9541,3.1317,spoof
3.4487,4.1239,1.8923,2.1364,2.3899,1.5326,0.0953,0.9509,0.8277,1.4267,0.6721,0.7605,5.2689,5.7268,1.6804,1.8952,spoof
21.7125,27.1933,3.3648,6.4605,5.9742,2.2849,0.7945,0.3176,3.2003,0.3219,1.9084,5.4133,21.8155,20.4689,3.2967,3.5568,real
1.5721,1.7523,0.5419,0.8858,1.8301,0.8761,0.127,0.5475,0.5843,0.9547,0.9983,0.3442,1.5355,1.525,0.5084,0.5722,spoof
8.6881,10.1229,2.155,2.9997,5.8976,0.3033,0.1996,0.3305,1.905,0.6143,0.4642,0.2243,6.1478,5.3259,4.3958,4.7671,spoof
8.881,12.1467,3.8859,6.1672,13.7344,2.8955,0.3176,0.7082,1.5032,2.6064,1.1092,0.6006,7.6205,7.3371,4.0536,4.4055,spoof
45.1226,54.7578,3.3458,8.4051,15.0536,0.2676,0.4723,0.2351,1.5257,2.0043,1.3215,2.389,46.5691,45.6211,7.9871,8.2102,real
127.0766,161.6597,2.0138,13.9408,48.9657,2.9939,0.3877,1.695,2.0338,14.5826,2.181,2.0774,135.3941,136.5324,22.2674,24.3652,real
7.0319,6.9182,2.556,3.8092,10.3766,0.3184,0.0828,0.8897,0.8985,1.7651,1.8098,0.6026,6.176,5.526,3.7209,3.8191,real
6.8793,8.2729,0.7687,1.2436,4.1672,1.1037,0.4116,2.5399,8.556,5.9183,0.9572,0.9355,7.0532,6.2984,1.2246,1.235,real
1.7315,1.8578,1.3134,1.109,0.9322,0.4696,0.0923,0.4871,1.1793,2.2419,0.4855,0.6106,0.9586,0.9046,0.6595,0.7657,spoof
6.9601,7.7924,0.7969,1.5401,3.1228,0.185,0.0665,0.1517,0.6689,0.5461,0.8071,2.5354,6.6024,5.7304,1.2032,1.2626,real
18.2901,24.5922,0.9899,3.5075,7.5056,4.6982,0.5955,1.4892,7.0205,2.3142,0.8113,1.7567,22.9834,23.519,3.8733,4.7108,spoof
19.434,19.4891,1.0165,0.816,2.6319,0.2088,0.1813,0.1859,1.3469,0.6393,0.8631,0.488,7.0821,5.6096,2.2372,2.2414,spoof
43.0584,45.5638,0.5327,1.3089,1.1801,0.4202,0.2112,0.3028,1.6678,2.1052,0.3657,1.7409,40.1926,34.6367,11.4155,11.7907,real
16.0664,17.6884,0.7489,0.7982,2.356,2.7358,0.3919,1.21,3.1536,4.3646,3.0129,4.3371,21.0877,18.2229,5.6331,5.9804,real
8.3195,11.4702,3.4213,4.214,6.4633,3.3955,0.7048,2.222,1.9016,4.5078,1.0104,2.2972,14.5146,11.0284,8.3273,9.0021,spoof
14.5737,20.0013,1.368,4.5599,11.2095,2.2844,0.2401,1.6786,5.9372,4.4344,1.8663,0.2588,23.0176,26.5114,5.189,6.1535,real
40.1363,44.2678,0.6022,1.9697,9.6401,3.3619,0.5896,0.8633,3.989,1.7163,0.6724,5.2798,45.5545,40.2836,9.6696,10.0086,real
12.8204,13.1282,15.8526,22.1293,30.5139,1.8042,0.6845,1.7434,2.1092,3.3696,5.8491,5.9306,3.4262,3.668,5.8109,5.579,spoof
29.1126,29.973,14.523,21.8268,39.8911,4.6437,1.1729,2.3846,5.9215,5.8375,3.739,3.1525,15.1401,12.4802,10.9446,11.5569,spoof
31.1765,40.3862,2.5947,5.8672,12.0317,1.6093,0.3457,0.569,3.1264,1.6849,4.1851,0.8485,33.1616,32.7873,7.4432,8.4915,real
246.7192,302.0195,0.8632,11.9268,77.6606,2.0444,1.3331,6.2977,33.7435,5.274,2.4865,9.8128,281.9442,254.2094,26.902,26.995,real
21.5719,24.4262,0.4139,0.485,1.156,0.4426,0.0462,0.8535,0.5335,3.4295,1.1781,3.3486,29.8958,27.6041,9.4995,9.838,real
4.2369,5.3653,2.4048,3.8767,7.6614,1.2957,0.3905,1.839,3.049,4.7727,2.0942,0.9973,5.7557,6.0487,3.0871,3.2987,spoof
48.9365,48.5808,8.5154,11.7173,17.9274,10.2964,0.9367,8.598,12.659,32.4964,2.6189,7.882,48.9372,33.7416,17.0398,17.1542,real
119.0016,128.4885,1.8218,6.073,17.6267,0.9803,0.2162,0.3634,7.115,1.7165,1.1199,6.2486,128.658,111.1217,27.2198,27.1591,real
14.9959,13.8592,0.5466,0.7225,1.6,1.312,0.1681,0.1994,0.9823,0.583,0.6801,2.3866,13.5643,10.7855,3.9695,3.9116,real
6.6319,9.0829,0.8789,2.167,7.9187,1.0377,0.3219,0.4489,1.9859,0.8013,1.6459,1.3679,5.5982,6.5,0.8026,0.8407,spoof
20.0405,21.9525,4.5507,6.6267,7.4204,2.6903,0.6302,0.7533,4.8818,1.6479,1.7559,3.2503,20.9117,18.1885,2.7859,2.4882,real
4.9399,6.2909,1.5171,2.2503,4.9268,0.6508,0.1968,0.6016,1.117,1.181,1.3794,1.8906,4.3692,4.36,1.4211,1.7637,real
32.4641,41.945,1.9275,7.593,24.3938,2.9628,0.6565,0.5783,4.6527,3.3298,1.7301,3.3304,46.3176,47.0158,7.6193,8.324,real
2.3122,2.8727,0.7631,1.1895,1.7125,0.2702,0.0686,0.1103,0.1776,0.2618,0.9309,0.2688,2.3965,2.4667,0.9193,1.0227,spoof
60.1661,71.043,1.3715,3.9514,9.3631,2.3,0.7202,1.206,7.2211,1.6262,1.1452,3.5981,56.0169,50.249,11.3467,12.0517,real
1.8998,2.5971,0.9397,1.645,6.0264,0.8972,0.291,2.3267,4.9401,4.0834,1.0284,0.4494,2.0507,2.2922,0.537,0.5238,spoof
3.114,4.1841,0.6633,0.9811,2.2416,0.373,0.121,0.3535,0.8821,0.9581,0.9279,0.3903,3.3042,3.4881,3.1676,3.6912,spoof
2.0414,2.1203,1.202,1.4658,3.5632,0.2395,0.0415,0.1428,0.151,0.8374,0.4574,0.2275,1.1216,0.8536,1.0096,1.0896,spoof
11.8065,17.8659,0.6412,3.4184,4.7616,1.5425,1.0493,1.364,1.836,7.3203,4.4684,0.5195,21.0403,25.356,2.3344,3.5287,real
15.2984,15.2616,11.2757,13.8938,17.5937,1.3606,0.1224,2.0518,3.2561,5.0845,2.2732,1.0925,3.2208,2.273,3.0621,3.4052,spoof
6.3883,7.7896,3.3375,4.4215,5.2844,0.6377,0.1654,0.6106,1.5743,1.8597,0.4791,0.4729,5.2008,5.6424,1.4937,1.6572,spoof
3.2077,4.4824,2.0193,2.6395,4.7664,1.3012,0.2631,1.3587,2.845,3.032,1.0778,1.268,3.9425,3.9795,0.9337,1.2013,spoof
20.0331,22.5515,3.598,4.2612,7.3719,3.0085,0.3904,3.971,11.7711,13.6535,3.7525,0.78,23.7424,22.0051,5.2613,5.5434,real
8.9866,10.0525,0.4154,0.9566,3.5846,1.3339,0.3587,0.5827,2.6655,0.8111,1.0559,4.1367,15.0627,13.708,1.5256,1.6238,real
51.8452,57.0934,2.258,4.433,12.3474,8.5001,1.2616,4.8779,8.8964,8.1499,0.8086,4.5629,35.7695,28.5905,4.9335,4.9473,real
7.4624,10.3103,1.1866,2.5515,3.8569,0.411,0.197,0.1653,1.34,0.4792,0.5468,0.3293,9.3063,9.4461,1.7122,2.1298,real
0.9392,1.3451,0.2904,0.318,1.2093,1.1763,0.1729,0.6884,1.2961,2.1483,1.4527,0.8025,1.2699,1.5298,1.1364,1.5313,spoof
21.3712,29.6475,1.7861,4.7075,11.7762,0.597,0.0778,0.5542,2.6169,1.8917,0.8536,2.2473,37.4428,39.0344,8.4161,9.862,real
26.8816,30.7374,0.597,1.687,6.9064,5.2435,0.5723,1.2672,4.2679,2.3261,1.9035,6.6896,31.3965,28.6977,6.5382,7.1058,real
29.6295,37.9204,2.0584,5.9527,19.2432,3.5759,0.2495,1.0536,3.9119,2.2779,1.4681,0.8686,51.28,52.736,2.5192,2.5056,real
8.5487,8.209,8.3039,9.1673,8.908,4.1651,0.6846,2.6425,5.0847,8.1696,10.068,4.6896,5.8582,5.8103,3.4807,3.5898,spoof
32.546,45.644,5.5764,13.4554,27.7326,1.0373,0.5295,0.3268,2.6195,0.8117,0.9346,3.9211,44.0842,44.9951,3.9847,4.5661,real
10.3001,10.9958,1.457,2.0831,3.9339,0.7867,0.3393,0.8246,1.0857,2.159,1.5408,1.8659,9.0862,7.8786,2.3582,2.5857,spoof
2.6729,3.7992,0.7634,1.7694,5.069,0.4885,0.0577,0.5525,0.5883,1.1623,0.6597,0.4092,3.8746,4.2232,0.4473,0.5618,real
4.8273,4.8612,0.9145,0.811,0.5658,0.9442,0.514,1.0771,2.4295,1.8489,1.2525,3.1662,2.8117,2.0301,5.1781,5.2901,spoof
32.9503,36.7506,0.3308,1.2371,1.2533,0.9373,0.2827,0.3554,2.1308,0.7075,1.0379,4.2568,30.8272,27.539,10.9084,11.6192,real
52.3329,69.8544,2.1161,8.7002,25.021,0.3662,0.1077,0.8665,1.1401,3.7153,1.6628,3.6054,79.1764,79.8676,12.8952,14.1412,real
46.35,57.4895,3.5874,9.1344,17.2648,4.0111,0.9851,0.8402,7.1571,1.336,4.3472,7.6408,62.6284,63.9314,14.4958,16.5509,real
21.4248,28.4817,2.475,4.058,9.5343,0.4087,0.4814,0.2223,2.1037,0.3004,1.3525,1.6261,11.2514,9.8897,1.7941,1.9106,spoof
20.2558,26.7333,4.6852,9.0299,17.0873,2.889,1.4624,1.0552,5.4368,1.4866,1.3372,2.707,21.0422,19.918,7.4857,8.0418,real
56.1614,61.6283,6.6564,7.1908,4.8738,1.4112,0.4832,0.9256,3.0993,4.3202,0.7274,3.2373,30.16,28.2681,12.9522,14.4198,spoof
15.2301,21.0234,1.8007,4.2198,6.8754,0.5449,0.0802,0.2944,1.9429,1.1145,1.676,0.3771,18.8467,20.3909,5.7428,7.0101,real
40.9622,51.5075,0.7878,4.1941,14.307,1.377,0.2525,0.8026,6.3072,2.6912,4.2376,4.3697,54.2208,54.3591,6.628,7.2599,real
10.024,15.2609,2.6306,7.0849,9.3611,0.4142,0.1274,0.854,0.8637,3.2695,1.1742,0.3583,17.0675,22.501,2.1583,2.7367,real
74.1702,93.3229,4.6511,13.5194,29.9366,1.4994,0.6397,1.0038,6.1026,3.2825,0.9533,7.2962,100.3326,103.5142,18.5706,20.9547,real
1.7843,1.8096,2.7154,2.4847,2.5118,1.689,0.2227,0.8823,2.0421,2.9467,0.8096,1.6493,1.2561,1.1758,1.0069,1.0635,spoof
27.5938,30.5676,1.552,0.6733,2.6757,0.3389,0.0975,0.1113,1.1023,0.91,0.6099,0.9116,18.2884,16.585,2.026,2.2324,spoof
11.5982,10.0876,18.0832,24.3945,37.6238,0.8652,0.1875,0.2539,1.8609,0.7901,0.893,0.7619,2.0282,1.9069,3.2079,3.9014,spoof
25.8856,25.36,2.0169,1.5286,1.3608,0.7495,0.1833,0.3562,1.2943,0.9156,0.8521,2.7979,13.0434,9.6898,3.1862,2.8126,spoof
2.1298,2.7119,2.3284,2.3006,1.5768,1.598,0.234,1.5486,3.2167,5.3192,1.2871,1.3528,2.318,2.7762,1.5591,1.8966,spoof
9.2157,11.6405,2.3516,2.8826,4.3642,8.397,1.6447,4.0336,6.1826,12.359,1.9375,6.8716,8.6,9.2862,2.2931,2.8749,spoof
18.3174,24.8891,0.7348,2.5241,4.6451,5.0384,0.504,0.6364,1.1021,3.1735,1.6875,0.9595,17.6857,18.4726,3.9866,4.6124,real
1.0537,1.0082,0.4619,0.437,0.4257,0.4732,0.064,0.2115,0.2679,0.5332,0.5857,0.5067,0.8724,0.641,1.0603,1.0394,spoof
3.8815,4.1285,0.86,1.204,2.3894,0.4199,0.06,0.2478,0.3684,0.9878,1.2487,2.3006,2.4031,2.3106,1.3421,1.5185,real
1.3527,1.665,2.3728,2.941,5.1076,0.4635,0.2931,0.4824,1.1868,1.3,1.1989,0.9991,1.5048,1.2841,0.7914,0.9197,spoof
26.5637,34.751,2.5359,6.6814,14.3349,1.1742,0.6242,0.9661,2.6679,4.4186,4.7114,1.7537,31.5272,32.9849,5.6197,6.5849,real
22.754,29.1626,2.3071,4.8641,9.4242,0.9524,0.1993,0.888,3.2388,3.7328,1.8149,1.2096,26.8325,27.5493,5.0404,5.6791,real
2.3383,2.6702,0.9597,1.0611,2.3903,0.3665,0.0806,0.2484,0.539,0.5421,0.6086,0.5689,2.4643,2.2225,1.7039,2.0259,spoof
14.7384,14.7109,1.9351,2.8981,6.7328,0.569,0.2682,0.3336,1.2156,0.8376,2.806,1.5856,6.0652,4.7887,1.577,1.466,spoof
0.9303,1.1189,0.6091,0.7601,1.2307,0.4405,0.1155,0.1763,0.2917,0.3872,2.7273,0.7914,0.8758,0.8093,0.337,0.3384,spoof
2.9042,3.159,1.5866,1.0739,0.6418,1.5082,0.2728,0.6694,1.8386,1.4876,2.0672,1.1881,2.1431,1.8988,1.9636,2.0527,spoof
16.846,17.1252,2.3445,3.0278,4.4198,0.4744,0.1983,0.5886,0.9729,0.6963,2.8024,1.8805,6.5807,6.0615,4.7601,5.2846,spoof
3.853,3.8951,1.0971,1.4645,2.57,0.742,0.0599,0.5004,1.1051,2.5575,0.7133,0.3957,3.1083,2.689,4.1376,4.0108,spoof
6.2195,7.0784,1.4362,1.8396,3.7597,0.8772,0.1087,0.5207,1.5558,1.5259,0.7799,2.1348,4.4445,3.8963,2.2515,2.6231,spoof
0.8329,0.9607,1.0574,1.332,1.9633,0.4894,0.0863,0.2337,0.5375,0.5709,1.0718,0.7407,1.0451,0.9504,0.7554,0.8668,spoof
0.4379,0.4591,0.9083,0.864,0.5631,0.2273,0.0682,0.3136,0.4306,1.1024,0.3066,0.1668,0.5227,0.494,0.5154,0.5376,spoof
44.9088,58.9496,4.7482,10.273,23.9931,2.1588,0.389,2.1041,4.9028,6.4607,2.4808,2.3044,56.2501,59.7536,2.9337,3.0677,real
59.5149,70.7547,1.7142,4.5317,9.5958,1.229,0.2903,0.6027,2.306,3.7584,0.5993,4.381,71.7102,65.9201,13.4474,13.8109,real
3.2983,3.8334,0.8557,1.1141,1.6799,1.0068,0.2121,0.4613,1.1726,1.3658,0.9536,0.9215,2.5667,2.5158,1.4135,1.5785,spoof
0.9294,1.0014,0.629,0.8484,1.6534,0.5374,0.0957,0.3629,0.5988,1.1159,2.0701,0.5034,0.8552,0.79,0.5534,0.5534,spoof
19.3981,19.2468,1.5599,2.27,4.2926,1.4261,0.2663,0.3486,0.9909,1.9403,1.9133,1.274,10.1185,8.226,3.1506,3.1668,spoof
0.5224,0.7077,0.2265,0.3657,0.8241,0.2822,0.0469,0.0839,0.5657,0.1914,0.7887,0.3893,0.9597,0.9475,0.6247,0.7801,spoof
1.6603,1.7614,1.1211,1.7011,3.192,3.6688,0.585,3.2329,6.4967,8.1969,1.3262,1.5738,1.9035,1.558,1.9036,1.9716,spoof
12.4468,15.1539,1.0749,2.3923,4.0906,0.3802,0.145,0.5592,1.2878,1.5809,1.2174,0.9649,15.995,14.9268,2.1006,2.1851,real
2.1087,2.5649,0.9744,1.042,1.7286,0.5167,0.1177,0.2185,0.4505,0.5564,1.0557,0.3513,1.6235,1.5143,1.3136,1.4855,spoof
2.7827,4.2119,0.7957,1.2852,2.8216,1.1589,0.1484,0.7878,2.9035,1.6584,1.3634,0.2703,3.0645,3.5184,1.3979,1.7949,real
2.188,2.2153,0.77,1.0442,1.9345,0.8272,0.1624,1.615,2.7708,2.552,0.924,0.957,2.4446,2.2349,1.1834,1.2307,real
21.1707,30.9435,0.9649,3.9108,7.0475,0.8419,0.2847,0.4554,2.8061,3.7455,2.2126,0.4542,32.0221,37.3527,2.9702,4.3335,real
39.388,53.2148,1.4242,6.5721,21.9332,2.8278,0.1365,2.7348,5.0389,9.3628,2.3295,0.6133,62.9038,69.9717,10.7479,12.8001,real
0.4151,0.4575,0.1104,0.1582,0.3961,0.0465,0.0096,0.0486,0.0948,0.0937,0.0564,0.0311,0.3126,0.2678,0.1192,0.1314,real
32.4956,40.1891,0.4256,1.5658,2.6878,0.2202,0.1501,0.3111,1.7096,1.2182,0.6515,0.5351,44.6737,44.6824,9.4172,10.4298,real
57.1287,69.5232,1.8088,4.7986,7.334,1.3824,0.4987,0.6563,5.0188,1.4898,1.6271,3.1088,81.3465,77.136,8.3317,8.8854,real
8.4043,9.2919,8.7676,12.6685,18.1811,0.1759,0.1849,0.147,1.135,0.3544,0.4692,0.4569,4.4326,3.6704,1.873,1.9479,spoof
5.5549,6.2248,1.0715,1.6373,3.596,3.136,0.1911,1.2357,2.0007,2.905,0.9993,2.0988,5.9495,5.161,1.5705,1.5804,real
1.6782,1.8634,0.5842,0.8179,1.8447,0.8076,0.1425,0.7152,1.2063,1.7013,2.1953,1.0936,1.9212,1.7297,0.8035,0.946,spoof
0.8137,0.9563,1.3971,1.4862,1.3791,0.7477,0.1411,0.6285,0.8112,1.7272,0.9325,0.7309,1.2605,1.2655,0.7753,0.8714,spoof
24.4367,33.7117,2.451,6.4627,12.3352,2.1979,0.4765,4.364,2.8638,12.5863,2.3408,0.3266,48.6826,54.7304,5.3063,6.3757,real
4.6187,6.0083,2.4418,3.5859,5.7766,1.2748,0.1542,0.4237,1.1758,0.8892,1.9314,0.7254,5.0764,5.5646,4.1376,4.8579,spoof
2.572,3.1072,2.8392,2.9712,2.1144,0.9219,0.2157,0.4158,1.1039,1.0229,1.1913,1.702,3.5107,3.5181,1.9676,2.3856,spoof
34.3653,37.9631,0.431,0.8174,0.7588,1.7575,0.174,0.3716,3.21,1.2381,0.3435,1.2584,48.548,43.9327,10.1617,10.5684,real
6.2448,7.7354,5.774,7.2045,6.7681,1.9523,0.7776,2.1875,4.119,6.1429,11.4812,5.7954,3.4703,4.4066,3.2038,3.4857,spoof
3.2597,3.5867,0.6158,0.6913,0.7144,1.946,0.1387,0.4421,2.0859,1.6897,1.6717,2.339,3.3737,2.9856,1.7588,1.7222,spoof
15.1807,16.8611,2.9363,3.6717,5.7619,0.4432,0.1214,0.8945,1.0416,2.4857,0.3809,1.3498,11.9535,11.1832,6.2623,7.0605,real
1.485,1.8225,0.1873,0.4174,1.57,1.1291,0.1678,0.2536,0.5488,1.7439,1.5033,1.1356,3.2435,3.3962,0.723,0.8402,spoof
28.8222,30.4923,0.5212,0.7138,1.2372,0.6344,0.139,0.4348,1.9906,1.0131,0.3126,2.4396,27.5431,25.295,11.7558,12.7805,real
1.0973,1.3521,0.6778,0.9243,1.9024,1.5406,0.1762,0.7051,1.2134,1.569,1.1815,0.4716,0.7187,0.7347,1.0798,1.1438,spoof
22.5063,27.496,1.5679,2.8231,3.5642,2.2125,0.308,0.5736,4.3063,1.1584,1.0608,1.9241,25.1581,24.4586,5.9927,6.8229,real
10.2253,11.2576,0.8171,1.2607,2.384,0.2954,0.146,0.1027,0.9389,0.4296,0.882,0.2897,5.5687,5.1243,1.4228,1.4932,spoof
2.6672,2.9938,2.1069,2.8831,3.6973,0.395,0.0605,0.2654,0.5435,0.704,0.7458,0.2655,2.1687,1.8455,0.2784,0.3109,real
79.7226,101.8371,3.1117,13.8592,38.2715,5.5869,0.3099,2.3009,7.8044,6.164,2.0631,6.9241,105.1094,115.0282,13.6754,15.1708,real
13.9051,15.2922,0.8726,1.138,3.5991,0.4909,0.2074,0.3375,0.7575,1.3781,0.4519,2.0217,10.3909,9.2762,4.5496,4.8407,real
16.3197,24.7699,1.5026,4.7112,15.3244,0.8104,0.1466,0.5816,2.1053,2.7352,1.3855,1.9297,27.8837,32.9161,1.9653,2.9658,real
26.6575,33.6153,0.8023,3.0061,9.1298,1.8136,0.559,0.8872,3.3699,1.7518,1.2582,3.478,27.7889,27.2635,4.3785,4.9902,real
32.2909,44.6416,2.7557,9.0227,29.0741,1.3981,0.5056,0.668,4.8539,2.9397,0.2058,1.3197,46.9362,50.8368,4.3148,5.0155,real
15.2657,16.6918,0.4523,0.6921,1.4263,3.2977,0.5602,1.223,4.2094,3.3305,0.3535,6.3091,19.5545,17.8527,5.8689,6.615,real
18.2808,22.7621,1.1526,3.1605,7.1325,2.9991,0.2992,2.9036,4.3527,8.9698,3.8455,6.0138,32.0007,29.502,5.2588,5.6713,real
16.9303,20.9583,1.1532,1.6466,3.0336,1.189,0.2988,1.8376,3.1832,6.1417,0.881,1.0961,9.85,8.4822,4.4742,4.9091,real
1.5066,1.6534,2.0582,2.6196,2.3277,0.7662,0.1086,0.1825,0.6596,0.997,2.441,2.1605,1.4188,1.3305,1.182,1.208,spoof
6.3654,6.4001,1.4202,1.4744,1.8875,0.8595,0.3595,0.8231,2.151,2.3319,1.8492,1.7563,3.743,2.9737,5.9603,6.1801,spoof
1.3461,1.3882,0.4294,0.5246,0.8989,0.2347,0.0701,0.1193,0.119,0.397,0.5009,1.7439,0.6638,0.5793,1.1859,1.3704,real
9.2092,11.0149,1.7727,3.0744,9.0874,2.1907,0.4795,1.1998,2.5007,4.159,1.0667,3.1324,11.0713,11.104,1.5531,1.6598,real
36.8418,45.6996,0.9937,3.6386,13.6797,2.6435,0.3114,1.3414,3.4602,5.1307,1.218,3.3378,54.1909,54.8829,9.9905,11.0025,real
41.9636,55.203,5.8378,14.1889,29.6755,2.732,0.4543,2.1248,1.3952,11.0397,3.392,4.0668,57.0709,61.6088,6.8146,7.4172,real
10.1652,9.6417,3.9292,4.0984,4.1339,0.3745,0.1399,0.5533,0.686,1.552,1.6047,1.6217,7.0039,5.0508,4.1555,4.3676,spoof
1.8592,2.1328,0.7734,0.7378,0.8231,0.4342,0.0775,0.2434,0.5305,0.8585,0.9719,0.3478,2.3867,2.34,1.2162,1.3153,spoof
67.7565,75.9997,0.9833,3.1198,6.8906,9.0338,1.4589,5.4718,20.4358,11.7067,3.2003,7.3635,58.3193,50.4019,11.5469,11.4628,real
111.4904,141.3934,2.835,14.7823,47.1284,1.9729,1.0229,0.9196,7.927,5.117,1.2379,3.1989,136.2064,138.6318,21.9681,24.0194,real
0.5893,0.7641,0.2925,0.4311,0.9986,0.3051,0.0499,0.2138,0.4022,0.4617,0.4994,0.1829,0.7662,0.8477,0.8308,0.9793,spoof
19.4665,26.7374,0.5763,3.0146,7.4897,0.5816,0.129,1.1371,0.9094,4.7218,0.7187,1.3944,22.0074,26.021,3.263,4.1609,real
5.7948,6.9267,1.5554,2.2564,3.2283,0.1985,0.0952,0.095,0.6931,0.2056,0.9234,0.1248,3.0815,3.0325,1.3278,1.5921,spoof
34.6533,45.9869,0.6228,3.3468,13.1388,1.4353,0.0655,1.2387,1.9197,6.7339,1.0341,0.6409,50.5289,55.5218,8.201,9.4329,real
2.3897,2.65,1.5073,1.4812,1.9936,0.3735,0.0887,0.323,0.3762,0.5808,0.6147,0.4146,1.1682,1.0289,1.6203,1.8739,spoof
39.9045,45.3998,0.5635,1.8793,5.604,3.2088,0.7044,1.0824,4.2131,2.1626,1.2061,8.4915,43.9204,40.3347,12.5087,13.5926,real
16.4252,21.0175,1.2006,2.8798,7.2118,1.2151,0.2082,1.1238,1.2256,4.6259,3.9047,0.52,22.4751,24.357,2.9755,3.3209,real
18.6353,22.371,8.7058,11.4112,16.113,1.2377,0.349,1.9405,9.4962,4.9819,3.0327,1.7752,9.2989,9.2825,2.1036,2.3445,spoof
12.423,19.2315,5.1371,13.9396,34.7789,0.3176,0.4713,0.5014,1.8451,0.1683,0.5315,0.6253,4.1718,5.4336,0.7624,0.8201,real
2.4228,2.7963,0.99,1.7072,3.8507,0.215,0.0469,0.1179,0.4885,0.2557,0.543,0.8473,2.2116,1.6882,0.5913,0.5582,real
6.0687,7.5407,1.2072,1.3879,3.038,0.7504,0.2163,0.6019,1.6366,1.7786,0.6094,0.9005,3.8248,3.7501,2.9501,3.2388,spoof
5.797,8.7325,1.0916,3.7432,8.4524,0.6898,0.1472,0.3092,1.8781,0.85,0.2837,0.3607,11.4332,13.5965,0.9484,1.2321,real
40.5737,51.5282,1.6402,5.2052,13.7215,5.4954,0.9477,1.9316,10.0011,4.6145,2.3972,2.773,50.7411,51.3772,8.6808,9.7816,real
9.0148,9.9924,1.1313,2.6117,8.5041,3.3196,0.3476,0.7619,1.3392,1.8554,2.3704,5.7669,8.508,6.9283,1.9979,1.9106,real
3.3935,3.617,1.1207,1.1972,1.7222,0.643,0.1128,0.243,0.9237,0.6893,1.3896,1.287,2.5544,1.9388,2.9369,3.0874,spoof
4.6226,6.5212,0.9708,2.53,3.5998,0.2306,0.1376,0.2016,0.5673,0.9693,0.5857,0.6604,7.3133,8.5018,0.4253,0.5089,real
24.0689,32.338,3.6285,10.6224,33.9152,1.2557,0.2939,0.2,3.0326,1.6627,0.9244,2.8012,31.195,31.8964,1.476,1.3335,real
66.2541,85.5223,1.7715,9.1454,30.0133,1.5109,0.4317,1.9523,3.9568,13.5646,1.7785,2.3905,72.7766,73.9083,12.4632,13.6361,real
17.641,24.7638,3.6231,9.1118,27.8319,2.6875,0.4079,0.4113,4.6263,0.5112,1.1234,2.3014,28.1946,29.3115,3.2542,3.4418,real
11.273,14.3913,2.5213,4.7318,27.7987,3.0877,0.9137,4.2236,5.272,14.3889,1.0747,2.0015,12.6315,13.3352,2.3491,2.6487,real
4.6135,5.5119,0.8713,1.3633,3.6406,1.6929,0.0515,0.1024,0.2273,0.7634,0.3296,0.2344,1.9611,2.1169,0.5636,0.6204,spoof
10.4999,10.5556,3.8148,4.3222,6.4039,0.5045,0.1014,1.2194,1.5444,5.62,1.6418,1.7625,7.588,6.6035,3.8969,4.3286,real
3.833,4.126,7.3329,11.6604,34.937,0.9682,0.2415,0.2081,0.6864,0.4741,2.31,0.8044,4.5269,4.0517,3.315,3.8933,spoof
48.5033,47.3698,0.5421,0.536,2.4714,3.2629,0.7703,0.5658,2.4823,0.9314,1.4851,8.2213,39.2898,18.6283,16.4415,16.477,real
1.1694,1.4183,1.055,1.5045,3.5941,0.6654,0.1111,0.4279,1.1656,1.3859,0.43,0.2008,1.1902,1.1279,0.987,1.2529,spoof
15.0671,17.7988,0.8669,1.9317,2.6951,0.6812,0.135,0.4557,1.9058,1.097,0.5622,3.1579,14.9127,14.0295,5.2021,5.7133,real
55.3458,63.9094,3.6891,5.6822,8.3796,0.9408,0.2405,1.0474,1.3193,4.5897,0.6687,3.4999,50.3811,45.8984,12.0966,12.1315,real
1.4898,1.7097,1.1848,1.1376,1.9473,1.0418,0.0691,0.2373,0.3067,0.6355,0.2409,0.3228,0.8742,0.9693,0.7691,0.8971,spoof
18.5863,27.4889,0.9918,4.0443,11.4327,1.2412,0.5392,0.5777,4.774,0.7038,0.2673,2.7427,33.3663,35.0059,4.7553,5.696,real
47.4997,46.529,46.5213,53.3585,43.4056,7.4052,1.273,3.2421,5.6541,13.8654,2.3904,9.5682,14.8492,14.3031,7.4542,7.4471,spoof
73.5614,98.4228,4.3707,13.9046,34.9654,1.5239,0.1715,1.6271,0.9971,9.0332,2.339,0.7091,85.0177,90.0594,9.0957,10.6289,real
13.0604,16.0155,1.3309,2.4626,3.8223,3.7006,0.7082,1.5972,3.9621,3.2106,1.2079,4.9902,10.1819,9.2609,3.9163,3.8118,real
46.7806,67.4471,2.3664,9.6414,23.2284,0.815,0.1458,1.041,3.2616,5.5095,0.8407,0.7374,64.9331,73.564,8.4092,9.9784,real
53.6092,72.7662,3.2853,11.8102,34.6716,8.3819,0.8667,3.5915,7.0235,9.2451,2.0393,1.7385,60.053,65.8067,9.2957,10.4518,real
2.075,1.9798,1.093,1.0969,0.9602,2.2081,0.2814,0.7763,2.3101,3.0677,2.8917,1.4596,1.3625,0.976,1.4554,1.3129,spoof
10.9757,10.9962,0.7512,1.1467,3.1007,3.1315,0.2808,0.8377,1.4844,2.1556,0.6565,5.7392,13.0999,11.0955,5.3153,5.7923,real
2.5858,1.8848,4.9704,6.1288,5.958,2.4503,0.5209,0.9355,1.3892,3.246,6.2938,3.3969,1.099,1.0338,2.1251,1.962,spoof
1.4803,1.3858,0.7191,1.3283,3.9362,4.6338,0.5132,2.0154,3.6811,8.6678,1.5878,0.9423,1.0805,0.8691,2.4946,2.3162,spoof
0.2013,0.2335,0.0518,0.0831,0.274,0.1086,0.0258,0.044,0.1073,0.1014,0.0522,0.039,0.2337,0.2084,0.1208,0.1327,real
5.0951,6.7091,1.0643,1.6212,4.3946,2.0253,0.3766,0.9685,2.6315,3.2063,1.862,1.4194,4.0107,4.2931,2.3773,2.807,spoof
55.5689,62.0107,1.1274,2.9345,5.8082,1.8552,0.4687,0.535,5.3451,1.1864,1.9362,6.8426,62.1376,58.309,19.3303,20.1196,real
4.4756,6.2382,0.9777,1.7736,6.2952,1.1468,0.4293,1.3054,2.3757,3.9379,1.8734,2.4587,6.6454,6.9564,2.6157,3.0465,real
18.2262,23.9989,3.3805,9.1767,32.1442,2.7124,0.5949,5.4494,13.303,14.8053,1.4584,1.4564,29.2109,29.8509,1.6157,1.5399,real
0.7212,0.8792,0.2267,0.3644,1.0504,0.6696,0.1093,0.2246,0.5884,0.8118,0.4201,0.2855,0.69,0.6337,0.7415,0.8163,spoof
2.3825,3.4534,0.5377,0.5523,2.7737,2.214,0.0677,0.7016,0.7393,1.6011,1.1858,0.3751,4.0864,4.8543,1.5865,2.0324,spoof
27.5253,39.485,3.314,11.3374,23.458,0.7851,0.2906,3.6571,1.7009,20.3606,3.1751,0.5676,40.956,48.1054,3.6958,4.8591,real
14.6818,16.1884,0.9853,1.5563,3.6631,1.3329,0.1995,0.5072,1.4216,1.0861,1.0299,2.815,16.8814,14.6314,4.3708,4.7637,spoof
54.1694,59.586,8.5347,14.3099,27.5936,1.3793,0.2241,0.4438,2.1982,1.3688,0.8818,1.7856,49.2829,41.112,5.8206,5.2367,spoof
18.5474,21.6507,1.9791,2.0884,4.8605,0.6966,0.4803,1.2406,2.7063,4.0848,0.7009,1.1857,18.7308,17.6702,7.4546,8.3854,spoof
45.6353,51.9601,10.181,13.2573,20.2474,0.9565,0.1956,0.4447,2.4403,0.7296,1.5826,1.5228,16.9041,13.2726,6.2103,6.9254,spoof
79.2268,95.0129,0.502,3.6245,14.1391,0.4409,0.341,0.2495,3.0964,3.3588,0.9944,2.8154,99.2441,97.3784,15.9687,18.168,real
3.046,4.398,0.7693,2.2845,4.8117,0.1679,0.0345,0.1662,0.2509,0.666,0.537,0.9661,5.0409,5.6998,0.3686,0.4736,real
6.2265,7.3477,0.4203,0.518,1.8772,2.2006,0.2308,0.3529,1.0578,1.1727,0.8572,1.9618,9.9917,9.5408,1.4045,1.8481,real
4.7807,5.5737,1.0118,1.3084,1.8993,0.6844,0.1253,0.3853,0.6357,0.7967,1.778,1.0559,5.9055,5.8453,2.1795,2.1523,spoof
4.8841,4.8094,1.9539,2.6414,3.1713,1.2217,0.4575,0.7879,1.2583,3.455,5.453,3.3359,3.3062,2.9365,3.4774,3.2323,spoof
55.2317,67.8569,1.3261,5.0861,11.8908,1.3545,0.2185,0.7856,2.573,3.0526,1.6588,1.4499,63.7331,60.841,13.5961,15.1529,real
0.5637,0.769,0.4671,0.5067,0.7986,0.6345,0.0643,0.1758,0.505,0.6684,0.844,0.6421,0.861,0.9649,0.2553,0.2949,spoof
5.3411,5.0006,2.2153,2.7228,3.8259,5.3759,1.0756,3.9732,6.6446,12.1412,3.7578,4.0599,2.9462,1.8845,5.718,5.8417,spoof
3.5383,4.0273,0.4776,0.7131,1.5419,1.3609,0.1513,0.4613,1.1338,2.1013,2.5137,2.0118,3.0934,2.687,2.0477,2.0661,spoof
8.6143,7.5772,10.4693,12.6026,13.7423,0.5568,0.2105,0.3687,2.4666,0.9793,1.4841,3.4943,1.1902,1.2049,0.9744,0.7997,spoof
91.6008,103.828,0.7405,3.6051,8.2259,0.7021,0.6195,0.3996,4.981,1.2121,0.4866,1.6726,99.6226,88.9172,21.1509,20.2737,real
50.8927,64.0793,2.6779,6.6668,16.544,1.0036,0.5027,0.9428,4.1954,1.7995,0.8191,4.163,58.74,56.7762,9.9113,11.532,real
16.3203,23.2484,1.2899,3.94,13.0222,1.3324,0.0907,0.255,1.3748,2.7758,0.9243,2.7129,29.2432,31.7068,3.7223,5.0853,real
41.265,52.0768,1.1532,5.9202,24.6363,2.7121,0.6725,0.8883,8.0338,1.8835,1.1648,3.7506,54.0549,54.6487,8.1595,8.7796,real
74.8123,88.9465,1.7519,2.4941,8.4357,3.994,0.9929,8.5608,24.2703,25.9855,5.6387,8.8066,89.103,74.4884,19.3807,22.5289,real
3.8893,5.0909,2.9402,3.5974,4.3503,0.5722,0.3485,0.4656,0.6653,0.8473,1.1391,0.5539,4.8173,5.513,3.5738,4.2242,spoof
14.2026,16.7852,0.6454,0.8381,1.8144,2.4003,0.5254,1.3783,4.0483,3.237,0.9732,5.0667,13.8744,13.1648,5.7645,6.2449,real
2.7052,3.1339,0.7761,0.908,1.9771,0.7133,0.196,0.2388,0.7131,0.8556,2.856,2.1945,3.75,2.9066,2.0627,2.2541,spoof
40.71,49.3203,1.3005,3.6556,6.3668,0.2704,0.2426,2.041,1.0358,6.4266,0.5285,0.8512,44.5349,45.5269,8.4502,9.2522,real
13.6135,14.9796,0.7155,1.4264,2.5124,0.518,0.1055,0.2439,1.8363,0.3359,0.1678,0.3496,15.8572,14.3964,2.743,2.8886,real
91.7398,116.7693,3.2457,14.6045,46.6392,1.4581,1.0322,0.7383,6.4027,4.2698,0.4854,4.9876,109.137,108.4534,16.1608,17.2964,real
1.8617,2.2219,1.216,1.7356,3.4717,0.9958,0.0976,0.2318,0.278,0.4721,1.1769,0.79,2.0661,2.2854,1.2446,1.5097,spoof
12.9051,15.3352,0.4267,0.9023,2.8225,1.6582,0.3494,0.314,0.5915,0.8777,2.0567,5.64,19.1878,18.744,5.727,7.0103,real
12.6134,14.8138,11.5873,16.9695,30.7434,1.9501,0.5958,0.5897,3.1166,2.4023,1.8036,2.4026,7.2324,6.6899,2.924,3.319,spoof
0.3681,0.4657,0.3747,0.4154,0.7025,1.0787,0.1459,0.4294,0.993,1.3002,0.5886,0.5532,0.5049,0.5054,0.3628,0.4431,spoof
74.6653,94.997,2.7599,11.7911,41.4103,2.0401,0.9973,0.2886,4.9145,2.6766,0.9495,3.4565,93.4373,91.6455,12.3578,13.2252,real
18.7208,26.3205,2.747,7.6389,20.7038,3.9114,0.9634,2.9903,8.7254,6.5969,2.769,1.9101,27.2142,30.1815,2.949,3.4367,real
19.3968,19.3286,6.1794,6.7192,7.9791,0.5844,0.2037,1.4285,1.6121,3.1491,1.3874,2.223,14.4007,10.9441,5.2935,5.1869,real
97.587,130.6788,7.1802,25.5711,88.2799,3.8978,0.5785,0.6131,14.6128,2.2679,2.1942,2.7357,124.6123,126.0266,7.3761,7.7521,real
57.9295,69.6233,6.0743,13.7924,24.8666,0.5492,0.2471,1.2351,2.2198,6.9704,2.0809,2.1621,67.7652,67.7589,10.5279,10.9118,real
1.0098,1.1636,0.3005,0.3707,0.89,0.9208,0.1603,0.4646,1.3171,1.4902,1.6708,0.6942,0.9368,0.886,0.6211,0.6251,spoof
13.8022,15.1094,0.9778,1.7316,2.6536,0.617,0.1504,0.1091,0.7492,0.2785,0.7517,2.1879,14.5664,12.8803,3.8528,3.8699,real
17.4232,19.3596,8.2071,11.0762,19.4468,0.2084,0.2028,0.2292,1.1928,0.5074,1.5064,0.4761,7.7633,6.3851,5.3858,5.9033,spoof
2.9575,3.655,0.8392,0.973,1.2338,0.7499,0.1717,0.41,0.7718,1.5132,1.9024,0.3986,3.809,3.5933,2.0294,2.2218,spoof
81.7712,97.6627,1.6826,6.0635,14.2589,4.8304,1.452,2.0613,14.1763,4.1958,1.9549,5.3093,84.3162,77.3495,20.2197,21.0906,real
3.7017,4.8573,1.2067,1.673,3.7192,3.9973,0.4184,1.4227,2.4978,5.968,2.6527,0.9808,2.5458,3.1112,2.9765,2.875,spoof
95.2021,110.615,3.9514,11.8522,24.5967,1.064,0.5639,0.897,4.1295,4.7651,2.7023,5.4191,89.1827,80.8087,16.28,16.2629,real
39.8585,54.5922,7.2785,15.2759,26.21,6.537,1.8776,1.2713,8.8009,1.8497,5.7129,5.7757,53.5135,56.1231,10.6011,12.8851,real
26.1167,32.8691,1.0744,3.136,8.8166,1.1337,0.4062,0.4957,2.0207,2.1969,1.284,2.6625,30.6199,31.2354,4.54,5.1792,real
1.3305,1.1622,0.9444,1.0901,1.4899,0.8938,0.1692,0.3574,0.6963,1.0702,1.4241,0.7646,1.0157,0.6857,1.2381,1.1896,spoof
2.6573,3.7919,1.7413,3.1231,6.6237,0.1357,0.0696,0.2127,0.7622,0.4485,0.0897,0.2138,2.1083,1.7347,1.0385,1.1722,real
4.4265,5.7934,1.9501,1.9154,1.8784,0.9932,0.1191,0.4677,0.9062,1.7256,2.0817,0.8443,3.577,4.0265,1.4118,1.7816,spoof
27.3829,27.8322,1.1257,2.1484,7.3255,1.4164,0.1037,0.3473,2.6535,0.9167,0.6254,3.1082,28.1328,23.6277,9.0148,9.0302,real
46.1719,53.2926,0.9901,3.4209,10.2069,6.8659,1.5674,1.9028,6.7722,2.1689,2.2151,4.5842,35.1858,30.2788,6.3702,6.6012,real
0.9723,0.9295,0.8263,0.9596,0.7965,0.2705,0.0516,0.145,0.2095,0.5041,0.6344,0.4647,0.7563,0.6022,0.8715,0.8244,spoof
0.7264,0.9347,0.2091,0.2852,0.9262,0.5323,0.1243,0.2608,0.5434,0.8374,0.5332,0.8541,0.6761,0.7653,0.558,0.6795,spoof
13.4494,19.6715,1.5817,4.6874,9.1581,12.179,0.8543,1.7778,4.1636,1.8988,4.3075,0.4519,12.1512,14.3789,3.3345,4.1981,real
22.3454,27.551,1.286,2.4232,5.3604,0.2515,0.1793,0.184,0.6709,0.3591,1.1515,2.804,14.4801,13.2783,2.6162,2.6371,spoof
0.4881,0.5114,0.4937,0.4423,0.9391,0.3816,0.0519,0.3469,0.4005,0.8527,0.761,0.806,0.6199,0.6437,0.5508,0.6048,spoof
4.7266,5.8379,2.2123,2.7408,3.4292,1.7823,0.3325,0.4775,1.1898,1.0692,0.9725,2.9955,3.0488,2.3272,1.2904,1.332,spoof
164.2676,210.4278,12.8709,39.5321,84.6993,2.1234,1.0625,0.8741,22.0184,3.0811,0.9628,5.0818,223.6245,229.77,16.8852,19.2325,real
25.6667,31.5329,1.6343,4.6942,10.1576,1.413,0.4329,0.4297,3.1604,1.8588,0.5025,2.8553,32.3545,30.6402,2.6135,2.6426,real
1.8443,2.0328,0.7097,0.8679,1.6412,0.4507,0.2129,0.42,1.0128,1.3796,0.9795,1.7617,2.244,1.9326,0.8654,0.9119,spoof
38.486,43.9324,1.1548,3.6209,9.9632,5.8512,0.9943,2.1572,7.2765,3.8748,1.7089,7.9215,41.0429,36.6165,9.5727,9.6964,real
62.3332,80.7129,1.4809,6.6645,17.5639,3.1135,0.911,1.2745,11.6994,4.5182,1.2944,3.1987,97.4212,100.8501,18.4226,20.6433,real
39.4707,46.5597,1.55,3.4136,6.5162,3.0007,0.5405,0.7448,5.0776,0.7273,0.69,6.3847,56.0273,51.6318,13.3959,13.694,real
0.6006,0.68,0.9643,0.8815,0.8778,0.8524,0.1323,0.6046,1.1801,1.559,0.3324,0.1396,0.4622,0.4624,0.4157,0.4252,spoof
46.0924,49.0929,0.4356,1.1238,1.445,3.9211,0.5263,2.1211,10.6383,5.4647,0.3534,3.5697,52.8281,45.4594,14.1894,14.8558,real
7.8599,11.3889,2.0788,4.662,8.7871,1.0639,0.1322,0.2198,0.9235,0.9292,0.5644,0.5193,6.7184,8.3606,1.5247,1.8518,real
12.4952,15.3793,1.5008,3.5156,5.0929,3.7921,0.5429,0.5897,3.9003,0.7896,1.2567,2.0875,18.8779,18.4357,1.1108,1.2011,real
32.1717,34.12,1.6392,2.6697,6.3299,4.1796,0.5949,0.8756,3.8863,1.3618,1.444,5.8562,30.8236,25.7013,7.2694,7.2097,real
0.6417,0.6445,0.5009,0.5017,0.8263,0.7672,0.1206,0.5544,0.8895,1.7086,0.8084,0.4499,0.5287,0.4592,0.5881,0.5654,spoof
11.85,14.0274,1.5973,2.6593,8.018,1.544,0.1501,0.4596,1.5648,0.5748,1.4876,2.9494,9.0617,8.2641,1.7589,2.0335,real
53.3009,68.4618,1.4208,4.473,9.1515,0.6364,0.2159,0.5904,1.1514,3.2655,3.6023,1.4426,55.5346,54.69,10.8152,13.2895,real
93.4586,100.5354,0.6762,2.6232,11.0356,4.732,1.1768,0.6189,6.6603,0.579,1.7413,10.7194,100.2874,85.6986,21.649,21.0693,real
3.5433,4.3883,0.676,1.3181,4.599,2.0089,0.408,1.3694,2.97,3.0088,2.5297,1.8541,3.6613,3.4437,2.3961,2.6235,spoof
37.2495,50.8252,1.2902,4.5965,10.4535,2.1636,0.1443,2.0042,1.3651,11.9136,3.6514,0.4007,49.7344,50.8628,7.9556,9.3575,real
13.8592,16.3571,4.1752,5.3054,6.5307,1.5278,0.3798,1.6566,1.4693,6.4855,0.8452,1.1912,14.851,13.7094,4.4242,4.9957,spoof
5.9196,6.5288,0.9228,1.2343,3.9876,3.0569,1.3545,1.5772,3.9441,3.9486,1.2361,3.1936,3.639,3.1801,6.0793,6.9496,spoof
39.4943,51.2542,1.1036,4.6061,11.5228,5.4817,1.1849,0.4668,6.6736,0.7624,0.9706,2.474,55.5031,59.0686,9.6535,10.7788,real
1.3767,1.7224,1.0356,1.1506,1.9821,0.2737,0.0749,0.1427,0.2671,0.3534,1.5693,0.536,1.1067,1.0616,1.1019,1.3695,spoof
14.8871,15.358,4.1834,4.1141,4.2074,0.4175,0.2259,0.1901,0.9731,0.3451,0.4341,0.7214,5.7012,4.8613,3.0249,3.0059,spoof
13.3555,21.6093,12.7277,23.8673,47.2249,0.7349,0.6947,0.6432,3.9872,0.7794,0.8473,1.1133,15.0218,14.8638,2.6859,3.1962,spoof
5.3373,6.8195,2.2789,3.6208,7.7338,0.5327,0.1142,0.3131,0.9809,0.3503,0.61,0.7652,3.6459,2.6426,1.5044,1.7123,spoof
49.154,61.6697,1.0743,2.8418,12.9529,11.3509,0.7565,8.0636,24.4692,24.6739,2.7675,1.744,65.6303,65.0553,13.1745,14.8214,real
0.9367,1.256,0.7826,1.0724,4.2742,1.3481,0.0828,0.5,0.7916,1.4363,1.7309,1.3479,1.453,1.6231,1.1929,1.4547,spoof
13.1002,19.4545,2.9196,5.0115,1.4846,0.8133,0.096,6.5721,5.3402,27.2478,6.0432,0.3395,39.9227,45.0373,9.5319,11.8932,real
19.5686,28.7552,2.0315,7.3938,16.5545,2.9022,0.1479,2.493,1.1014,8.7753,2.2887,0.6035,35.1574,42.4326,3.823,4.5322,real
75.793,90.5234,3.2231,8.1403,18.0829,14.3051,2.0346,6.2493,19.335,15.7738,6.6202,8.8304,88.1767,83.3199,16.6704,18.207,real
2.2684,2.5133,0.6906,0.7791,1.3057,0.5516,0.1417,0.228,0.7283,0.6402,2.1386,0.7854,1.5882,1.3022,1.6615,1.7783,spoof
38.7454,45.5952,0.7491,1.6829,2.2817,3.3428,0.5325,2.221,9.4153,7.1714,3.547,11.1399,42.1385,37.5724,14.7937,16.5728,real
18.3373,18.5412,11.5787,10.2244,6.4224,8.2816,1.4246,2.6653,6.4022,8.161,6.4939,13.8303,9.2716,6.5718,14.0703,14.1281,spoof
7.2277,9.0496,1.2498,1.3551,2.9766,3.4437,0.1569,0.7651,1.4164,2.7473,1.0134,0.9275,2.5517,2.4815,0.8461,0.8681,real
0.9518,1.4796,0.3503,0.4394,1.5538,0.269,0.0602,0.0947,0.2256,0.4643,0.5591,0.5621,1.4007,1.6864,0.4012,0.5978,spoof
0.6601,0.7652,1.0895,1.2039,0.5968,0.1773,0.0411,0.1394,0.2354,0.4396,2.4317,0.3714,0.6674,0.7156,0.3349,0.305,spoof
42.4073,54.6991,2.9013,7.7914,15.4524,1.4372,0.2388,0.6679,4.5288,1.1858,2.2202,2.6102,44.9792,44.9864,5.4357,6.1374,real
0.7271,0.8299,1.3203,1.2559,1.2831,1.0385,0.0657,0.2234,0.2819,1.1211,0.6874,0.3842,0.8246,0.8641,0.8816,0.9268,spoof
35.1378,45.5518,1.674,5.1544,16.2273,1.1445,0.2775,0.4249,2.1361,0.9452,2.1537,1.2161,48.0561,48.3725,5.2788,5.684,real
1.8125,1.9304,0.619,0.4961,0.8381,0.6702,0.2428,0.8573,1.9124,1.6197,0.7898,0.7148,1.8331,1.6365,1.124,1.2521,spoof
33.4163,36.2613,0.3518,0.6574,3.6774,2.0419,0.3756,0.2492,1.6209,0.6543,1.0165,4.9276,37.5419,33.0852,11.0256,11.5815,real
40.8188,48.8478,2.1438,2.5267,7.3824,0.9456,0.2826,0.6869,2.6776,2.7831,1.0667,4.8137,56.3392,55.1069,18.325,21.0954,real
11.5365,14.6493,1.6813,2.972,5.592,1.1952,0.3212,0.6365,1.4935,1.1109,2.9801,1.7447,12.1143,12.2389,2.6272,3.1733,real
15.6184,21.6146,1.1043,2.0802,4.6929,1.9084,0.4602,1.8403,3.3568,5.5838,2.5591,2.4315,18.9783,23.2048,4.1651,5.0367,real
52.4561,63.3665,4.916,8.9504,13.0914,0.9594,0.3956,0.3193,1.7866,2.2995,0.8115,1.4893,49.393,46.4092,9.4887,9.9507,real
3.2036,4.6081,1.8725,3.6509,9.0987,1.1737,0.2054,0.3325,2.273,1.2492,0.5248,1.4862,2.6461,2.5081,0.4535,0.4971,spoof
33.476,40.9013,1.6408,2.8001,9.0028,3.1989,1.0256,3.0521,14.4424,3.1991,1.2949,2.3814,10.5017,9.0508,3.8139,3.6043,spoof
125.5111,134.0421,2.5535,6.968,15.2485,10.4563,1.4603,4.926,14.761,12.1138,1.452,6.8237,121.2125,102.9872,33.2105,34.0169,real
